<?xml version="1.0" encoding="utf-8" ?>
<!DOCTYPE configuration
        PUBLIC "-//mybatis.org//DTD Config 3.0//EN"
        "http://mybatis.org/dtd/mybatis-3-config.dtd">
<configuration>
    <settings>
        <setting name="mapUnderscoreToCamelCase" value="true"/>
    </settings>

    <typeAliases>
        <package name="org.shop.pojo" />
    </typeAliases>

    <!--分页插件-->
    <plugins>
        <plugin interceptor="com.github.pagehelper.PageInterceptor"/>
    </plugins>

</configuration>