<?xml version="1.0" encoding="UTF-8"?>
<!DOCTYPE mapper PUBLIC "-//mybatis.org//DTD Mapper 3.0//EN" 
	"http://mybatis.org/dtd/mybatis-3-mapper.dtd">
<mapper namespace="org.shop.dao.DiscussionDao">
     <select id="queryAllDiscussions" resultType="org.shop.pojo.Discussion">
          select * from discussion
     </select>
     <select id="queryDiscussionByDiscussionId"  resultType="org.shop.pojo.Discussion">
     		select * from discussion where discussion_id = #{0}
     </select>
     <select id="queryDiscussionByDiscussionName" parameterType="String" resultType="org.shop.pojo.Discussion">
     		select * from discussion where name like #{0}
     </select>
     <insert id="addDiscussion">
             insert into discussion(topic,name,teacher_id,student_id,teacher_words,student_words)
              values(#{topic},#{name},#{teacherId},#{studentId},#{teacherWords},#{studentWords})
     </insert>
</mapper>