<?xml version="1.0" encoding="UTF-8"?>
<!DOCTYPE mapper PUBLIC "-//mybatis.org//DTD Mapper 3.0//EN" 
	"http://mybatis.org/dtd/mybatis-3-mapper.dtd">
<mapper namespace="org.shop.dao.TeacherDao">
	<!-- 查询所有的老师 -->   
    <select id="queryAllTeachers" resultType="org.shop.pojo.Teacher">
      select * from teacher_info   
    </select>
    <!-- 根据id查询老师 -->
    <select id="queryById" parameterType="String" resultType="org.shop.pojo.Teacher">
    	select * from teacher_info where teacher_info.id =#{id}
    </select>
    <!-- 加入一个新老师 -->
    <insert id="addTeacher">
        insert into teacher_info(id,password,name,phonenum) values(#{id},#{password},#{name},#{phonenum})
    </insert>
    <!-- 根据id删除老师 -->
    <delete id="deleteById" parameterType="String">
        delete from teacher_info where id=#{id}
    </delete>
    <!-- 更新老师的信息 -->
    <update id="modifyTeacher">
      update teacher_info set  password=#{password},name=#{name},phonenum=#{phonenum}
      where id = #{id}
    </update>

</mapper>